{
  "sample_idx": 3671,
  "metrics": {
    "f1_score": 0.36241575766889755,
    "iou": 0.2213114735958076,
    "precision": 0.23275861868311537,
    "recall": 0.8181817933884306,
    "tp": 27.0,
    "fp": 89.0,
    "fn": 6.0,
    "tn": 902.0
  }
}