{
  "sample_idx": 295,
  "metrics": {
    "f1_score": 0.4018261592546476,
    "iou": 0.25142856999183677,
    "precision": 0.25142856999183677,
    "recall": 0.9999999772727278,
    "tp": 44.0,
    "fp": 131.0,
    "fn": 0.0,
    "tn": 3921.0
  }
}